id,nombre,sku,tipo,categorias,precio_PEN,precio_regular_PEN,precio_oferta_PEN,en_oferta,tallas,num_variaciones,descripcion,permalink,num_imagenes,imagenes
12820,Chaleco Lazos,,variable,"Chalecos, Full Denim, Nuevos Ingresos",139.00,139.00,139.00,False,"L, M, XL, XXL, xxxl",5,"-Tela Denim 70% algodón.
 -Dos lazos para amarrar
 -Ligero desflecado en la basta
 -tela ligera, rigida",https://konamoda.pe/product/chaleco-lazos-denim/,6,https://konamoda.pe/wp-content/uploads/2026/06/denim5portada-producto9.webp | https://konamoda.pe/wp-content/uploads/2026/06/denim15.webp | https://konamoda.pe/wp-content/uploads/2026/06/denim19.webp | https://konamoda.pe/wp-content/uploads/2026/06/denim1.webp | https://konamoda.pe/wp-content/uploads/2026/06/denim8.webp | https://konamoda.pe/wp-content/uploads/2026/06/denim14.webp
12827,Palazzo Baggy,,variable,"Full Denim, Nuevos Ingresos, Pantalones",159.00,159.00,159.00,False,"L, M, XL, XXL, xxxl",5,"-Tela Denim 70% algodón, tela ligera y rigida
 -Elastico toda la pretina
 -Bolsillos a los costados
 -prenda corte holgado y parejo desde la cadera hasta
 el tobillo",https://konamoda.pe/product/palazzo-jean-baggy/,7,https://konamoda.pe/wp-content/uploads/2026/06/deni20.webp | https://konamoda.pe/wp-content/uploads/2026/06/denim21.webp | https://konamoda.pe/wp-content/uploads/2026/06/denim17.webp | https://konamoda.pe/wp-content/uploads/2026/06/denim22.webp | https://konamoda.pe/wp-content/uploads/2026/06/denim23.webp | https://konamoda.pe/wp-content/uploads/2026/06/denim8.webp | https://konamoda.pe/wp-content/uploads/2026/06/denim3.webp
12675,Cárdigan Cloud Amarillo,,variable,"Cardigans, Nuevos Ingresos",119.00,119.00,119.00,False,"L, M, S, XL, XXL",5,"Tejido punto intermedio 
 Detalle de ondas en todos los bordes 
 Fresco, no da calor 
 Suave, ligeramente elástico 
 Cómodo y fluido 
 Tiene botones lo puedes usar abierto o cerrado",https://konamoda.pe/product/cardigan-cloud-amarillo/,6,https://konamoda.pe/wp-content/uploads/2026/03/Artboard-64_2.webp | https://konamoda.pe/wp-content/uploads/2026/03/SL2.webp | https://konamoda.pe/wp-content/uploads/2026/03/SL16.webp | https://konamoda.pe/wp-content/uploads/2026/03/celestecostadoweb.webp | https://konamoda.pe/wp-content/uploads/2026/03/Artboard-64_2.webp | https://konamoda.pe/wp-content/uploads/2026/03/Bstrap1.webp
12683,Cárdigan Cloud Verde,,variable,"Cardigans, Nuevos Ingresos",119.00,119.00,119.00,False,"L, M, S, XL, XXL",5,"Tejido punto intermedio 
 Detalle de ondas en todos los bordes 
 Fresco, no da calor 
 Suave, ligeramente elástico 
 Cómodo y fluido 
 Tiene botones lo puedes usar abierto o cerrado",https://konamoda.pe/product/cardigan-cloud-verde/,5,https://konamoda.pe/wp-content/uploads/2026/03/Artboard-64_5.webp | https://konamoda.pe/wp-content/uploads/2026/03/tallascloud.webp | https://konamoda.pe/wp-content/uploads/2026/03/SL4.webp | https://konamoda.pe/wp-content/uploads/2026/03/SL8.webp | https://konamoda.pe/wp-content/uploads/2026/03/Artboard-64_5.webp
12625,Ropa de baño Bali azul,,variable,"Nuevos Ingresos, Ropa de Baño",329.00,329.00,329.00,False,"L, M, XL, XXL",4,"Licra premium elaborada en Asia
 100% flexibley suave
 costuras fexibles y copas integradas sin varillas
 Entalle da soporte y seguridad",https://konamoda.pe/product/ropa-de-bano-bali-azul/,7,https://konamoda.pe/wp-content/uploads/2026/02/bb2.webp | https://konamoda.pe/wp-content/uploads/2026/02/bb1.webp | https://konamoda.pe/wp-content/uploads/2026/02/bb3.webp | https://konamoda.pe/wp-content/uploads/2026/02/bb5.webp | https://konamoda.pe/wp-content/uploads/2026/02/bb2.webp | https://konamoda.pe/wp-content/uploads/2026/02/IMG_5551.jpg | https://konamoda.pe/wp-content/uploads/2026/02/bb4.webp
12610,Shorts Holiday Moca,,variable,"Nuevos Ingresos, Shorts",129.00,129.00,129.00,False,"L, M, XL, XXL",4,"Tela Plisada, caída con movimiento
 Corte en A le permite dar vuelo y soltura
 Pretina elástico en la parte de atrás
 Aporta elegancia, versátil para todo look",https://konamoda.pe/product/shorts-holiday-marron/,6,https://konamoda.pe/wp-content/uploads/2026/02/HM5.png | https://konamoda.pe/wp-content/uploads/2026/02/HMoca3.png | https://konamoda.pe/wp-content/uploads/2026/02/HMoca.png | https://konamoda.pe/wp-content/uploads/2026/02/hm7.png | https://konamoda.pe/wp-content/uploads/2026/02/hm6.png | https://konamoda.pe/wp-content/uploads/2026/02/HM5.png
12571,Cárdigan Joy verde,,variable,"Cardigans, Nuevos Ingresos",119.00,119.00,119.00,False,"L, M, S, XL, XXL",5,"Tejido acrílico 100% ultra ligero
 Fresco, no da calor
 Suave y ligeramente elastico
 No rígido, cómodo y fluido
 Ideal para verano y climas cálidos",https://konamoda.pe/product/cardigan-joy-verde/,7,https://konamoda.pe/wp-content/uploads/2026/02/cverde2.webp | https://konamoda.pe/wp-content/uploads/2026/02/cverde2.webp | https://konamoda.pe/wp-content/uploads/2026/02/cverde4.webp | https://konamoda.pe/wp-content/uploads/2026/02/guiajoy.webp | https://konamoda.pe/wp-content/uploads/2026/02/cverde3.webp | https://konamoda.pe/wp-content/uploads/2026/02/joyv3.webp | https://konamoda.pe/wp-content/uploads/2026/02/Joy.webp
12564,Cárdigan Joy Celeste,,variable,"Cardigans, Nuevos Ingresos",119.00,119.00,119.00,False,"L, M, S, XL, XXL",5,"Tejido acrílico 100% ultra ligero
 Fresco, no da calor
 Suave y ligeramente elastico
 No rígido, cómodo y fluido
 Ideal para verano y climas cálidos",https://konamoda.pe/product/cardigan-joy-celeste/,9,https://konamoda.pe/wp-content/uploads/2026/02/cceleste4.webp | https://konamoda.pe/wp-content/uploads/2026/02/closeupceleste.webp | https://konamoda.pe/wp-content/uploads/2026/02/Joy.webp | https://konamoda.pe/wp-content/uploads/2026/02/cceleste3.webp | https://konamoda.pe/wp-content/uploads/2026/02/cceleste4.webp | https://konamoda.pe/wp-content/uploads/2026/02/closecelsee.webp | https://konamoda.pe/wp-content/uploads/2026/02/joyc6.webp | https://konamoda.pe/wp-content/uploads/2026/02/guiajoy.webp | https://konamoda.pe/wp-content/uploads/2026/02/cceleste2.webp
12545,Cárdigan Joy Rosa,,variable,"Cardigans, Nuevos Ingresos",119.00,119.00,119.00,False,"L, M, S, XL, XXL",5,"Tejido acrílico 100% ultra ligero
 Fresco, no da calor
 Suave y ligeramente elastico
 No rígido, cómodo y fluido
 Ideal para verano y climas cálidos",https://konamoda.pe/product/cardigan-joy-rosa/,6,https://konamoda.pe/wp-content/uploads/2026/02/crosa3.webp | https://konamoda.pe/wp-content/uploads/2026/02/crosa2.webp | https://konamoda.pe/wp-content/uploads/2026/02/crosa3.webp | https://konamoda.pe/wp-content/uploads/2026/02/crosa1.webp | https://konamoda.pe/wp-content/uploads/2026/02/sh4.webp | https://konamoda.pe/wp-content/uploads/2026/02/guiajoy.webp
12489,Shorts Holiday Fucsia,,variable,"Nuevos Ingresos, Shorts",129.00,129.00,129.00,False,"L, M, XL, XXL",4,"Tela Plisada, caída con movimiento
 Corte en A le permite dar vuelo y soltura
 Pretina elástico en la parte de atrás
 Aporta elegancia, versátil para todo look",https://konamoda.pe/product/shorts-holiday-fucsia-2/,7,https://konamoda.pe/wp-content/uploads/2026/02/sh2i.webp | https://konamoda.pe/wp-content/uploads/2026/02/sh2i.webp | https://konamoda.pe/wp-content/uploads/2026/02/crosa2.webp | https://konamoda.pe/wp-content/uploads/2026/02/sh1.webp | https://konamoda.pe/wp-content/uploads/2026/02/sh4.webp | https://konamoda.pe/wp-content/uploads/2026/01/SH2.webp | https://konamoda.pe/wp-content/uploads/2026/01/SHGT.webp
12494,Shorts Holiday Vainilla,,variable,"Nuevos Ingresos, Shorts",129.00,129.00,129.00,False,"L, M, XL, XXL",4,"Tela Plisada, caída con movimiento
 Corte en A le permite dar vuelo y soltura
 Pretina elástico en la parte de atrás
 Aporta elegancia, versátil para todo look",https://konamoda.pe/product/shorts-holiday-fucsia/,7,https://konamoda.pe/wp-content/uploads/2026/01/SH5.webp | https://konamoda.pe/wp-content/uploads/2026/01/SH11.webp | https://konamoda.pe/wp-content/uploads/2026/01/SHGT.webp | https://konamoda.pe/wp-content/uploads/2026/02/shv.webp | https://konamoda.pe/wp-content/uploads/2026/01/SH9.webp | https://konamoda.pe/wp-content/uploads/2026/01/SH8.webp | https://konamoda.pe/wp-content/uploads/2026/01/SH7.webp
12404,Ropa de baño Bali verde,,variable,"Nuevos Ingresos, Ropa de Baño",329.00,329.00,329.00,False,"L, M, XL, XXL",4,"Licra premium elaborada en Asia
 100% flexibley suave
 costuras fexibles y copas integradas sin varillas
 Entalle da soporte y seguridad",https://konamoda.pe/product/ropa-de-bano-bali-verde/,2,https://konamoda.pe/wp-content/uploads/2025/12/baliv3.webp | https://konamoda.pe/wp-content/uploads/2025/12/baliv2-1.webp
12410,Ropa de baño Bali Roja,,variable,"Nuevos Ingresos, Ropa de Baño",329.00,329.00,329.00,False,"L, M, XL, XXL",4,"Licra premium elaborada en Asia
 100% flexibley suave
 costuras fexibles y copas integradas sin varillas
 Entalle da soporte y seguridad",https://konamoda.pe/product/ropa-de-bano-bali-roja/,1,https://konamoda.pe/wp-content/uploads/2025/12/balir1.webp
12391,Ropa de baño Bali Negra,,variable,"Nuevos Ingresos, Ropa de Baño",329.00,329.00,329.00,False,"L, M, XL, XXL",4,"Licra premium elaborada en Asia
 100% flexibley suave
 costuras fexibles y copas integradas sin varillas
 Entalle da soporte y seguridad",https://konamoda.pe/product/ropa-de-bano-bali-negra/,2,https://konamoda.pe/wp-content/uploads/2025/12/Balin1.webp | https://konamoda.pe/wp-content/uploads/2025/12/Balin2.webp
12385,Set Luz Negro,,variable,"Nuevos Ingresos, Set - Conjuntos",139.00,139.00,139.00,False,"L, M, XL, XXL",4,"-Tela fresca, suave y cómoda. No se arruga
 -Blusa larga, manga corta, con cuello camisero
 -Fit Holgado con buena caída
 -Short pretina ancha y firme",https://konamoda.pe/product/set-luz-negro/,4,https://konamoda.pe/wp-content/uploads/2025/12/setluz5.webp | https://konamoda.pe/wp-content/uploads/2025/12/setluz3.webp | https://konamoda.pe/wp-content/uploads/2025/12/setluz1.webp | https://konamoda.pe/wp-content/uploads/2025/05/LuzTallas.webp
11831,Set Luz Naranja,,variable,"Nuevos Ingresos, Set - Conjuntos",139.00,139.00,139.00,False,"L, M, XL, XXL",4,"-Tela fresca, suave y cómoda. No se arruga
 -Blusa larga, manga corta, con cuello camisero
 -Fit Holgado con buena caída
 -Short pretina ancha y firme",https://konamoda.pe/product/set-luz-naranja/,12,https://konamoda.pe/wp-content/uploads/2025/05/luz7.webp | https://konamoda.pe/wp-content/uploads/2025/05/luz4.webp | https://konamoda.pe/wp-content/uploads/2025/05/luz5.webp | https://konamoda.pe/wp-content/uploads/2025/05/luz6.webp | https://konamoda.pe/wp-content/uploads/2025/05/luz7.webp | https://konamoda.pe/wp-content/uploads/2025/05/luz8.webp | https://konamoda.pe/wp-content/uploads/2025/05/luz10.webp | https://konamoda.pe/wp-content/uploads/2025/05/luz13.webp | https://konamoda.pe/wp-content/uploads/2025/05/luz9.webp | https://konamoda.pe/wp-content/uploads/2025/05/luz16.webp | https://konamoda.pe/wp-content/uploads/2025/05/luz21.webp | https://konamoda.pe/wp-content/uploads/2025/05/LuzTallas.webp
11826,Set  Luz Pistacho,,variable,"Nuevos Ingresos, Set - Conjuntos",139.00,139.00,139.00,False,"L, M, XL, XXL",4,"-Tela fresca, suave y cómoda. No se arruga
 -Blusa larga, manga corta, con cuello camisero
 -Fit Holgado con buena caída
 -Short pretina ancha y firme",https://konamoda.pe/product/set-luz-pistacho/,11,https://konamoda.pe/wp-content/uploads/2025/05/setluzv.webp | https://konamoda.pe/wp-content/uploads/2025/05/luz20.webp | https://konamoda.pe/wp-content/uploads/2025/05/luz17.webp | https://konamoda.pe/wp-content/uploads/2025/05/luz18.webp | https://konamoda.pe/wp-content/uploads/2025/05/luz19.webp | https://konamoda.pe/wp-content/uploads/2025/05/luzv3.webp | https://konamoda.pe/wp-content/uploads/2025/05/luz11.webp | https://konamoda.pe/wp-content/uploads/2025/05/luz14.webp | https://konamoda.pe/wp-content/uploads/2025/05/luz15.webp | https://konamoda.pe/wp-content/uploads/2025/05/luz16.webp | https://konamoda.pe/wp-content/uploads/2025/05/LuzTallas.webp
11793,Shorts Libertad Negro,,variable,"Nuevos Ingresos, Shorts",79.00,79.00,79.00,False,"L, M, S, XL",4,"Pretina estilo »Paper Bag» con elástico premium 
 Fit holgado sin ser demasiado flojo 
 Tela suave para mayor comodidad 
 4 tallas desde la S hasta la XL",https://konamoda.pe/product/shorts-libertad-negro/,5,https://konamoda.pe/wp-content/uploads/2025/03/SL11.webp | https://konamoda.pe/wp-content/uploads/2025/03/SLGTalla.webp | https://konamoda.pe/wp-content/uploads/2025/03/SL13.webp | https://konamoda.pe/wp-content/uploads/2025/03/SL5.webp | https://konamoda.pe/wp-content/uploads/2025/03/SL4.webp
11788,Shorts Libertad Rosa,,variable,"Nuevos Ingresos, Shorts",79.00,79.00,79.00,False,"L, M, S, XL",4,"Pretina estilo »Paper Bag» con elástico premium 
 Fit holgado sin ser demasiado flojo 
 Tela suave para mayor comodidad 
 4 tallas desde la S hasta la XL",https://konamoda.pe/product/shorts-libertad-rosa/,7,https://konamoda.pe/wp-content/uploads/2025/03/SL14.webp | https://konamoda.pe/wp-content/uploads/2025/03/SL9.webp | https://konamoda.pe/wp-content/uploads/2025/03/SL6.webp | https://konamoda.pe/wp-content/uploads/2025/03/SL14.webp | https://konamoda.pe/wp-content/uploads/2025/03/SL19.webp | https://konamoda.pe/wp-content/uploads/2025/03/SL18.webp | https://konamoda.pe/wp-content/uploads/2025/03/SLGTalla.webp
11721,Set Arena Negro,,variable,"Nuevos Ingresos, Ropa de Baño, Set - Conjuntos",139.00,139.00,139.00,False,"L, M, XL, XXL",3,"-Conjunto dos piezas: short y capa
 -Efecto transparente
 -Tela estilo nylon resistente al agua
 -Tela favorece al secado",https://konamoda.pe/product/set-arena-negro/,5,https://konamoda.pe/wp-content/uploads/2025/01/anegro7.webp | https://konamoda.pe/wp-content/uploads/2025/01/arenanegro6.webp | https://konamoda.pe/wp-content/uploads/2025/01/arenanegro4.webp | https://konamoda.pe/wp-content/uploads/2025/01/arenanegro5.webp | https://konamoda.pe/wp-content/uploads/2025/01/arenanegro3.webp
11731,Strapless Waves Lila,,variable,Ropa de Baño,169.00,169.00,169.00,False,"L-XL, S-M",2,"-Ropa de baño dos piezas
 -Licra Stretch, flexible, con diseño de olas
 -Copa Strapless
 -Resistente al cloro",https://konamoda.pe/product/strapless-waves-lila/,7,https://konamoda.pe/wp-content/uploads/2025/01/Bstrap1.webp | https://konamoda.pe/wp-content/uploads/2025/01/bstraplila2.webp | https://konamoda.pe/wp-content/uploads/2025/01/bstraplila3.webp | https://konamoda.pe/wp-content/uploads/2025/01/bgrupal5.webp | https://konamoda.pe/wp-content/uploads/2025/01/bstraplila4.webp | https://konamoda.pe/wp-content/uploads/2025/01/telabikini.webp | https://konamoda.pe/wp-content/uploads/2025/02/strapwavestalla-1.webp
11726,Strapless Waves Negro,,variable,"Nuevos Ingresos, Ropa de Baño",169.00,169.00,169.00,False,"L-XL, S-M",2,"-Ropa de baño dos piezas
 -Licra Stretch, flexible, con diseño de olas
 -Copa Strapless
 -Resistente al cloro
 –",https://konamoda.pe/product/strapless-waves-negro/,7,https://konamoda.pe/wp-content/uploads/2025/01/Bstrap6.webp | https://konamoda.pe/wp-content/uploads/2025/01/bstrap7.webp | https://konamoda.pe/wp-content/uploads/2025/01/Grupal2.webp | https://konamoda.pe/wp-content/uploads/2025/01/arenanegro5.webp | https://konamoda.pe/wp-content/uploads/2025/01/Bstrap2.webp | https://konamoda.pe/wp-content/uploads/2025/01/bgrupal5.webp | https://konamoda.pe/wp-content/uploads/2025/02/strapwavestalla-1.webp
11678,Set Arena Blanco,,variable,"Nuevos Ingresos, Ropa de Baño, Set - Conjuntos",139.00,139.00,139.00,False,"L, M, XL, XXL",4,"-Conjunto dos piezas: short y capa
 -Efecto transparente
 -Tela estilo nylon resistente al agua
 -Tela favorece al secado",https://konamoda.pe/product/set-arena/,7,https://konamoda.pe/wp-content/uploads/2025/01/Sarena5.webp | https://konamoda.pe/wp-content/uploads/2025/01/Sarena2.webp | https://konamoda.pe/wp-content/uploads/2025/01/Sarena7.webp | https://konamoda.pe/wp-content/uploads/2025/01/Sarena9.webp | https://konamoda.pe/wp-content/uploads/2025/01/Sarena8.webp | https://konamoda.pe/wp-content/uploads/2025/01/Sarena1.webp | https://konamoda.pe/wp-content/uploads/2025/01/Sarena3.webp
11668,Bikini Waves Celeste,,variable,"Nuevos Ingresos, Ropa de Baño",169.00,169.00,169.00,False,"L, M, XL, XXL",4,"-Ropa de baño dos piezas
 -Licra Stretch, flexible, con diseño de olas
 -Con reguladores en las tiras
 -Resistente al cloro
 –",https://konamoda.pe/product/bikini-waves-celeste/,10,https://konamoda.pe/wp-content/uploads/2025/01/Bwaves18.webp | https://konamoda.pe/wp-content/uploads/2025/01/Bwaves16.webp | https://konamoda.pe/wp-content/uploads/2025/01/Bwaves23.webp | https://konamoda.pe/wp-content/uploads/2025/01/Bwaves20.webp | https://konamoda.pe/wp-content/uploads/2025/01/Bwaves7.webp | https://konamoda.pe/wp-content/uploads/2025/01/wavestallas.webp | https://konamoda.pe/wp-content/uploads/2025/01/Bwaves15.webp | https://konamoda.pe/wp-content/uploads/2025/01/Bwaves5.webp | https://konamoda.pe/wp-content/uploads/2025/01/Bwaves9.webp | https://konamoda.pe/wp-content/uploads/2025/01/bwaves24.webp
11656,Sombras en Stick en barra,,variable,Sale,27.00,45.00,27.00,True,,3,"-Sombras Studio Look cyzone en dos tonos: dorado, rosa metálico y coral
 -No necesitan aplicador
 -Color intenso ni transfiere
 -Textura cremosa por 12h",https://konamoda.pe/product/sombras-en-stick-en-barra/,4,https://konamoda.pe/wp-content/uploads/2024/12/KS6.png | https://konamoda.pe/wp-content/uploads/2024/12/conjunton3_1.png | https://konamoda.pe/wp-content/uploads/2024/12/B6.png | https://konamoda.pe/wp-content/uploads/2024/12/B14_1.png
11653,Lipstick Mate Hidratante Labial en barra,,variable,Sale,21.00,36.00,21.00,True,,2,"-Labial Studio Look Cyzone
 -Acabado Super Mate
 -larga Duración y máxima fijación
 -Hidratación Extrema",https://konamoda.pe/product/lipstick-mate-hidratante-labial-en-barra/,7,https://konamoda.pe/wp-content/uploads/2024/12/B8.png | https://konamoda.pe/wp-content/uploads/2024/12/B5.png | https://konamoda.pe/wp-content/uploads/2024/12/B7.png | https://konamoda.pe/wp-content/uploads/2024/12/B9.png | https://konamoda.pe/wp-content/uploads/2024/12/B1.png | https://konamoda.pe/wp-content/uploads/2024/12/B10.png | https://konamoda.pe/wp-content/uploads/2024/12/B9_1.png
11631,Blush Stick Rubor en barra,,variable,Sale,53.00,89.00,53.00,True,,2,"-ColorStickPro de Esika en dos Tonos Coral y Rosa
 -12 horas de Duración
 -Textura Ultra Ligera con Vitamina E
 -Facil Difuminación y Glow Natural",https://konamoda.pe/product/blush-stick/,7,https://konamoda.pe/wp-content/uploads/2024/12/B3_1.png | https://konamoda.pe/wp-content/uploads/2024/12/B4.png | https://konamoda.pe/wp-content/uploads/2024/12/B6.png | https://konamoda.pe/wp-content/uploads/2024/12/B13.png | https://konamoda.pe/wp-content/uploads/2024/12/B2.png | https://konamoda.pe/wp-content/uploads/2024/12/KS6.png | https://konamoda.pe/wp-content/uploads/2024/12/B3.png
11425,Cafarena Woolly Fucsia,,variable,Cafarenas,79.00,79.00,79.00,False,"L, M, S, XL",4,"-Tela rib cashmere , textura suave y abrigadora
 -Cuello alto con detalle de ondas en el borde del cuello
 -Manda larga, detalle de ondas final de la manga",https://konamoda.pe/product/cafarena-woolly-fucsia/,7,https://konamoda.pe/wp-content/uploads/2024/09/WoollyFuc5.webp | https://konamoda.pe/wp-content/uploads/2024/09/WoollyFuc8.webp | https://konamoda.pe/wp-content/uploads/2024/09/WoollYFucGrupo1.webp | https://konamoda.pe/wp-content/uploads/2024/09/woollyfuc6.webp | https://konamoda.pe/wp-content/uploads/2024/09/WoollyFucDet1.webp | https://konamoda.pe/wp-content/uploads/2024/09/WoollyF4.webp | https://konamoda.pe/wp-content/uploads/2023/07/guiatallaswoolly.png
11430,Set Majo Celeste,,variable,Set - Conjuntos,149.00,149.00,149.00,False,"L, M, S, XL",4,"-Tela algodón rib chompero
 -Las mangas son estilo murciélago con una abertura en la parte final de la manga y del sweater
 -Pantalón palazo estilo campana
 -Pretina ancha
 -Fit holgado, textura suave y abrigadora",https://konamoda.pe/product/set-majo-celeste/,10,https://konamoda.pe/wp-content/uploads/2024/09/conjuntoc5.webp | https://konamoda.pe/wp-content/uploads/2024/09/conjuntoc1.webp | https://konamoda.pe/wp-content/uploads/2024/09/conjuntonyc3.webp | https://konamoda.pe/wp-content/uploads/2024/09/conjuntoportadaweb.webp | https://konamoda.pe/wp-content/uploads/2024/09/conjuntoc4_1.webp | https://konamoda.pe/wp-content/uploads/2024/09/conjuntoc6.webp | https://konamoda.pe/wp-content/uploads/2024/09/conjuntocyn5.webp | https://konamoda.pe/wp-content/uploads/2024/09/conjuntoc2.webp | https://konamoda.pe/wp-content/uploads/2024/09/setmajoweb2.webp | https://konamoda.pe/wp-content/uploads/2024/09/setmajoweb1.webp
11435,Set Majo Negro,,variable,Set - Conjuntos,149.00,149.00,149.00,False,"L, M, S, XL",4,"-Tela algodón rib chompero
 -Las mangas son estilo murciélago con una abertura en la parte final de la manga y del sweater
 -Pantalón palazo estilo campana
 -Pretina ancha
 -Fit holgado, textura suave y abrigadora",https://konamoda.pe/product/set-majo-negro/,9,https://konamoda.pe/wp-content/uploads/2024/09/conjunton2.webp | https://konamoda.pe/wp-content/uploads/2024/09/conjunton4_1.webp | https://konamoda.pe/wp-content/uploads/2024/09/conjunton6_1.webp | https://konamoda.pe/wp-content/uploads/2024/09/conjunton5.webp | https://konamoda.pe/wp-content/uploads/2024/09/conjunton3_1.webp | https://konamoda.pe/wp-content/uploads/2024/09/conjuntonyc3.webp | https://konamoda.pe/wp-content/uploads/2024/09/conjuntonyc1.webp | https://konamoda.pe/wp-content/uploads/2024/09/setmajoweb2.webp | https://konamoda.pe/wp-content/uploads/2024/09/setmajoweb1.webp
11392,Sweater Gaby Plomo,,variable,Cafarenas,89.00,89.00,89.00,False,"L, M, S, XL",4,"-Sweater con cuello redondo
 -Tela angora, mis de hilos, textura suave y ligeramente abrigadora
 -Manga larga, encarrujadas, estilo princesa, con un detalle de perlas",https://konamoda.pe/product/sweater-perla/,3,https://konamoda.pe/wp-content/uploads/2024/08/sgab10.png | https://konamoda.pe/wp-content/uploads/2024/08/gabytallaweb.png | https://konamoda.pe/wp-content/uploads/2024/08/sgab3.png
11397,Sweater Gaby Rosa,,variable,Cafarenas,89.00,89.00,89.00,False,"L, M, S, XL",4,"-Sweater con cuello redondo
 -Tela angora, mis de hilos, textura suave y ligeramente abrigadora
 -Manga larga, encarrujadas, estilo princesa, con un detalle de perlas",https://konamoda.pe/product/sweater-gaby-rosa/,5,https://konamoda.pe/wp-content/uploads/2024/08/sgab5.png | https://konamoda.pe/wp-content/uploads/2024/08/sgab17.png | https://konamoda.pe/wp-content/uploads/2024/08/sgab4.png | https://konamoda.pe/wp-content/uploads/2024/08/sgab15.png | https://konamoda.pe/wp-content/uploads/2024/08/gabytallaweb.png
11387,Sweater Gaby Negro,,variable,Cafarenas,89.00,89.00,89.00,False,"L, M, S, XL",4,"-Sweater con cuello redondo
 -Tela angora, mis de hilos, textura suave y ligeramente abrigadora
 -Manga larga, encarrujadas, estilo princesa, con un detalle de perlas",https://konamoda.pe/product/sweater-gaby-negro/,4,https://konamoda.pe/wp-content/uploads/2024/08/sgab7.png | https://konamoda.pe/wp-content/uploads/2024/08/sgab9.png | https://konamoda.pe/wp-content/uploads/2024/08/sgab6.png | https://konamoda.pe/wp-content/uploads/2024/08/gabytallaweb.png
11319,Dress Pams Malva,,variable,Vestidos,115.00,115.00,115.00,False,"L, M, S, XL",4,"– Tela lino stretch estampada, suave y fresca
-Manga corta con pliegues y vuelo al final
-Falda de bobos en dos tiempos.",https://konamoda.pe/product/dress-pams-malva/,7,https://konamoda.pe/wp-content/uploads/2024/05/vi13.png | https://konamoda.pe/wp-content/uploads/2024/05/vi14.png | https://konamoda.pe/wp-content/uploads/2024/05/vi12.png | https://konamoda.pe/wp-content/uploads/2024/05/vi16.png | https://konamoda.pe/wp-content/uploads/2024/05/vi16_1.png | https://konamoda.pe/wp-content/uploads/2024/05/vi15.png | https://konamoda.pe/wp-content/uploads/2024/05/tallaspamsdress.png
11314,Dress Pams Verde pastel,,variable,"Nuevos Ingresos, Vestidos",115.00,115.00,115.00,False,"L, M, S, XL",4,"– Tela lino stretch estampada, suave y fresca
-Manga corta con pliegues y vuelo al final
-Falda de bobos en dos tiempos.",https://konamoda.pe/product/dress-pams-verde/,7,https://konamoda.pe/wp-content/uploads/2024/05/v2.png | https://konamoda.pe/wp-content/uploads/2024/05/v4.png | https://konamoda.pe/wp-content/uploads/2024/05/v1.png | https://konamoda.pe/wp-content/uploads/2024/05/v7.png | https://konamoda.pe/wp-content/uploads/2024/05/v10.png | https://konamoda.pe/wp-content/uploads/2024/05/v8-1.png | https://konamoda.pe/wp-content/uploads/2024/05/tallaspamsdress.png
11268,Dress Pams Negro,,variable,"Nuevos Ingresos, Vestidos",115.00,115.00,115.00,False,"L, M, S, XL",4,"– Tela lino stretch estampada, suave y fresca
-Manga corta con pliegues y vuelo al final
-Falda de bobos en dos tiempos.",https://konamoda.pe/product/dress-pams-negro/,7,https://konamoda.pe/wp-content/uploads/2024/05/v13.png | https://konamoda.pe/wp-content/uploads/2024/05/v15.png | https://konamoda.pe/wp-content/uploads/2024/05/v17.png | https://konamoda.pe/wp-content/uploads/2024/05/v18.png | https://konamoda.pe/wp-content/uploads/2024/05/tallaspamsdress.png | https://konamoda.pe/wp-content/uploads/2024/05/v14.png | https://konamoda.pe/wp-content/uploads/2024/05/v12.png
11259,Butterfly Blue Bag,,simple,Carteras,85.00,85.00,85.00,False,,0,"Material cuero PU
 Asa de mano y asa superior
 Accesorio en forma de mariposa",https://konamoda.pe/product/butterfly-blue-bag/,2,https://konamoda.pe/wp-content/uploads/2023/06/BUTTERFLY-BAG-AZUL.webp | https://konamoda.pe/wp-content/uploads/2024/04/Bflybagblue3.png
11239,Cárdigan Ceci Beige,,variable,"Cardigans, Nuevos Ingresos",85.00,85.00,85.00,False,"L, M, S, XL",4,"– Tela rib urban, textura suave y flexible
 – Manga corta con pinzas en las hombros, puños y pretina, da un efecto bombacho
 – Fit con tres botones, hasta la cintura baja",https://konamoda.pe/product/cardigan-ceci-beige/,5,https://konamoda.pe/wp-content/uploads/2024/03/cceci5.png | https://konamoda.pe/wp-content/uploads/2024/03/cceci11.png | https://konamoda.pe/wp-content/uploads/2024/03/cceci10_1.png | https://konamoda.pe/wp-content/uploads/2024/03/cceci9.png | https://konamoda.pe/wp-content/uploads/2024/03/tallasceciweb.png
11232,Cárdigan Ceci Rosa,,variable,"Cardigans, Nuevos Ingresos",85.00,85.00,85.00,False,"L, M, S, XL",4,"-Tela rib urban, textura suave y flexible
 – Manga corta con pinzas en las hombros, puños y pretina, da un efecto bombacho
 – Fit con tres botones, hasta la cintura baja",https://konamoda.pe/product/cardigan-ceci-rosa/,4,https://konamoda.pe/wp-content/uploads/2024/03/cceci8.png | https://konamoda.pe/wp-content/uploads/2024/03/cceci7.png | https://konamoda.pe/wp-content/uploads/2024/03/cceci12.png | https://konamoda.pe/wp-content/uploads/2024/03/tallasceciweb.png
11227,Cárdigan Ceci Perla,,variable,"Cardigans, Nuevos Ingresos",85.00,85.00,85.00,False,"L, M, S, XL",4,"– Tela rib urban, textura suave y flexible
 – Manga corta con pinzas en las hombros, puños y pretina, da un efecto bombacho
 – Fit con tres botones, hasta la cintura baja",https://konamoda.pe/product/cardigan-ceci-perla/,5,https://konamoda.pe/wp-content/uploads/2024/03/cceci6.png | https://konamoda.pe/wp-content/uploads/2024/03/cardiganCeci1.png | https://konamoda.pe/wp-content/uploads/2024/03/cceci3.png | https://konamoda.pe/wp-content/uploads/2024/03/cardiganceci2.png | https://konamoda.pe/wp-content/uploads/2024/03/tallasceciweb.png
11140,Top Princess Fuccia,,variable,"Basicos, Blusas, Nuevos Ingresos",65.00,65.00,65.00,False,"L, M, XL",3,"-Tela rib con un acabado ligeramente brillante
 -Tela Suave y versátil
 – Diseño estilo corset, manga cero
 – Cuello cuadrado con esquinas redondeadas (adelante y atrás)",https://konamoda.pe/product/top-princess-fuccia/,5,https://konamoda.pe/wp-content/uploads/2024/02/web6-top-fuccia.png | https://konamoda.pe/wp-content/uploads/2024/02/web-top-fuccia.png | https://konamoda.pe/wp-content/uploads/2024/02/web14-top-fuccia.png | https://konamoda.pe/wp-content/uploads/2024/02/web12-top-fuccia.png | https://konamoda.pe/wp-content/uploads/2024/02/tallasprincesstop.png
11149,Top Princess Lila,,variable,"Basicos, Blusas, Nuevos Ingresos",65.00,65.00,65.00,False,"L, M, XL",3,"-Tela rib con un acabado ligeramente brillante
 -Tela Suave y versátil
 – Diseño estilo corset, manga cero
 – Cuello cuadrado con esquinas redondeadas (adelante y atrás)",https://konamoda.pe/product/top-princess-lila/,5,https://konamoda.pe/wp-content/uploads/2024/02/web13-top-lila.png | https://konamoda.pe/wp-content/uploads/2024/02/web-19-top-lila.png | https://konamoda.pe/wp-content/uploads/2024/02/web-top-lila-atras.png | https://konamoda.pe/wp-content/uploads/2024/02/web-foto-grupal.png | https://konamoda.pe/wp-content/uploads/2024/02/tallasprincesstop.png
11136,Top Princess Verde,,variable,"Basicos, Blusas, Nuevos Ingresos",65.00,65.00,65.00,False,"L, M, XL",3,"-Tela rib con un acabado ligeramente brillante
 -Tela Suave y versátil
 – Diseño estilo corset, manga cero
 – Cuello cuadrado con esquinas redondeadas (adelante y atrás)",https://konamoda.pe/product/top-princess-verde/,6,https://konamoda.pe/wp-content/uploads/2024/02/web5-top-verde.png | https://konamoda.pe/wp-content/uploads/2024/02/web-foto-grupal.png | https://konamoda.pe/wp-content/uploads/2024/02/web15-top-verde-x.png | https://konamoda.pe/wp-content/uploads/2024/02/web28-top-verde-x.png | https://konamoda.pe/wp-content/uploads/2024/02/tallasprincesstop.png | https://konamoda.pe/wp-content/uploads/2024/02/web29-top-verde-x.png
11145,Top Princess Beige,,variable,"Basicos, Blusas, Nuevos Ingresos",65.00,65.00,65.00,False,"L, M, XL",3,"-Tela rib con un acabado ligeramente brillante
 -Tela Suave y versátil
 – Diseño estilo corset, manga cero
 – Cuello cuadrado con esquinas redondeadas (adelante y atrás)",https://konamoda.pe/product/top-princess-beige/,4,https://konamoda.pe/wp-content/uploads/2024/02/web21-top-beige.png | https://konamoda.pe/wp-content/uploads/2024/02/web10-top-beige-1.png | https://konamoda.pe/wp-content/uploads/2024/02/web27-top-beige-x.png | https://konamoda.pe/wp-content/uploads/2024/02/tallasprincesstop.png
11144,Top Princess Negro,,variable,"Basicos, Blusas, Nuevos Ingresos",65.00,65.00,65.00,False,"L, M, XL",3,"-Tela rib con un acabado ligeramente brillante
 -Tela Suave y versátil
 – Diseño estilo corset, manga cero
 – Cuello cuadrado con esquinas redondeadas (adelante y atrás)",https://konamoda.pe/product/top-princess-negro/,6,https://konamoda.pe/wp-content/uploads/2024/02/web7-1-top-negro.png | https://konamoda.pe/wp-content/uploads/2024/02/web22-top-negro.png | https://konamoda.pe/wp-content/uploads/2024/02/web8-top-negro.png | https://konamoda.pe/wp-content/uploads/2024/02/web9-top-negro.png | https://konamoda.pe/wp-content/uploads/2024/02/web2-tops-grupal-x.png | https://konamoda.pe/wp-content/uploads/2024/02/tallasprincesstop.png
11050,Heart bag Verde,,simple,Carteras,85.00,85.00,85.00,False,,0,"Material cuero PU
 Asa de mano y asa superior
 Accesorio en forma de corazón en la parte del broche imantado
 Bordado de corazones encima del cuero",https://konamoda.pe/product/heart-bag-rosada/,1,https://konamoda.pe/wp-content/uploads/2023/06/HEART-BAG-VERDE.webp
11034,Palazzo Tefa Beige,,variable,Joggers,89.00,89.00,89.00,False,"L, M, XL",3,"-Tela algodón rib
 -Pantalón palazzo con el detalle de ondas y abertura en la parte final de la bota
 -Pretina ancha y firme
 -Fit holgado, textura suave",https://konamoda.pe/product/palazzo-tefa-beige/,8,https://konamoda.pe/wp-content/uploads/2023/11/TefaBeige5.webp | https://konamoda.pe/wp-content/uploads/2023/11/TefaBeige1.webp | https://konamoda.pe/wp-content/uploads/2023/11/TefaBeige4.webp | https://konamoda.pe/wp-content/uploads/2023/11/TefaBeige2.webp | https://konamoda.pe/wp-content/uploads/2023/11/TefaBeige3.webp | https://konamoda.pe/wp-content/uploads/2023/11/TefaBeige6.webp | https://konamoda.pe/wp-content/uploads/2023/11/PackPalazzoTefa.webp | https://konamoda.pe/wp-content/uploads/2023/11/guiapalazzo2.webp
11007,Palazzo Tefa Lila,,variable,Joggers,89.00,89.00,89.00,False,"L, M, XL",3,"-Tela algodón rib
 -Pantalón palazzo con el detalle de ondas y abertura en la parte final de la bota
 -Pretina ancha y firme
 -Fit holgado, textura suave",https://konamoda.pe/product/palazzo-tefa-lila/,7,https://konamoda.pe/wp-content/uploads/2023/11/PalazzoTefa4.webp | https://konamoda.pe/wp-content/uploads/2023/11/PalazzoTefa1.webp | https://konamoda.pe/wp-content/uploads/2023/11/PalazzoTefa2.webp | https://konamoda.pe/wp-content/uploads/2023/11/PalazzoTefa5.webp | https://konamoda.pe/wp-content/uploads/2023/11/PretinaPalazzoTefa.webp | https://konamoda.pe/wp-content/uploads/2023/11/PalazzoTefa3.webp | https://konamoda.pe/wp-content/uploads/2023/11/guiapalazzo2.webp
10930,Vestido Dreams Rosa,,variable,Vestidos,145.00,145.00,145.00,False,"L, M, S, XL",4,"-Tela seda francesa stretch print de flores
 -Fit largo con escote oval
 -Plisado en la parte de adelante
 -Manga larga con recogido en el puño",https://konamoda.pe/product/vestido-dreams-rosa/,6,https://konamoda.pe/wp-content/uploads/2023/10/rosaweb.webp | https://konamoda.pe/wp-content/uploads/2023/10/dreamsrosa.webp | https://konamoda.pe/wp-content/uploads/2023/10/dreams8.webp | https://konamoda.pe/wp-content/uploads/2023/10/DreamsGroup.webp | https://konamoda.pe/wp-content/uploads/2023/10/vestidodreams-1.webp | https://konamoda.pe/wp-content/uploads/2023/10/dreams5.webp
10935,Vestido Dreams Verde,,variable,Vestidos,145.00,145.00,145.00,False,"L, M, S, XL",4,"-Tela seda francesa stretch print de flores
 -Fit largo con escote oval
 -Plisado en la parte de adelante
 -Manga larga con recogido en el puño",https://konamoda.pe/product/vestido-dreams-verde/,5,https://konamoda.pe/wp-content/uploads/2023/10/dreams6-1.webp | https://konamoda.pe/wp-content/uploads/2023/10/DreamsGreen.webp | https://konamoda.pe/wp-content/uploads/2023/10/DreamsGroup.webp | https://konamoda.pe/wp-content/uploads/2023/10/dreams10.webp | https://konamoda.pe/wp-content/uploads/2023/10/vestidodreams-1.webp
10361,Ribbon Bag Verde,,simple,Carteras,85.00,85.00,85.00,False,,0,"Material cuero PU
Asa de mano corrugada
Asa superior de cuero regulable
Accesorio en forma de Lazo dorado en la parte de adelante",https://konamoda.pe/product/ribbon-bag/,1,https://konamoda.pe/wp-content/uploads/2023/06/RIBBON-BAG-VERDE.webp
10346,Cinnamon Bag Beige,,simple,Carteras,85.00,85.00,85.00,False,,0,"Material cuero PU
Forma tubular
Asa de cadena entrelazado con el cuero
Regulador de la asa en forma de esfera
Lazo y pompón como accesorio",https://konamoda.pe/product/cinnamon-bag/,3,https://konamoda.pe/wp-content/uploads/2023/06/CINNAMON-BAG-BEIGE.webp | https://konamoda.pe/wp-content/uploads/2023/06/CINNAMON-BAG-BEIGE-1.webp | https://konamoda.pe/wp-content/uploads/2023/06/CINNAMON-BAG-BEIGE-PRODUCTO.webp
10263,Vestidos Flowers Beige,,variable,Vestidos,115.00,115.00,115.00,False,"L, M, S, XL",4,"-Tela lino stretch estampada, suave y fresca
-Manga corta con pliegues y vuelo al final
-Falda de bobos en dos tiempos.",https://konamoda.pe/product/vestidos-flowers-beige/,5,https://konamoda.pe/wp-content/uploads/2023/04/VESTIDOS-FLOWERS-BEIGE.webp | https://konamoda.pe/wp-content/uploads/2023/04/VESTIDOS-FLOWERS-BEIGE-2.webp | https://konamoda.pe/wp-content/uploads/2023/04/VESTIDOS-FLOWERS-BEIGE-3.webp | https://konamoda.pe/wp-content/uploads/2023/04/VESTIDOS-FLOWERS-BEIGE-1.webp | https://konamoda.pe/wp-content/uploads/2023/04/VESTIDO-FLOWERS-TALLAS.webp
10258,Vestido Flowers Celeste,,variable,Vestidos,115.00,115.00,115.00,False,"L, M, S, XL",4,"-Tela lino stretch estampada, suave y fresca
-Manga corta con pliegues y vuelo al final
-Falda de bobos en dos tiempos.",https://konamoda.pe/product/vestido-flowers-celeste/,4,https://konamoda.pe/wp-content/uploads/2023/04/VESTIDO-FLOWERS-CELESTE.webp | https://konamoda.pe/wp-content/uploads/2023/04/VESTIDO-FLOWERS-CELESTE-1.webp | https://konamoda.pe/wp-content/uploads/2023/04/VESTIDO-FLOWERS-CELESTE-2.webp | https://konamoda.pe/wp-content/uploads/2023/04/VESTIDO-FLOWERS-TALLAS.webp
10181,Paper Bag Jean Lu Azul,,variable,"Full Denim, Pantalones",155.00,155.00,155.00,False,"30, 32, 34, 36, 38, 40",6,"-Tela denim 98% algodón y 2% spandex
-Elástico en todo el contorno de la cintura, con dos botones
-Tiene un cinturón de la misma tela
-Diseño cómodo y versátil",https://konamoda.pe/product/paper-bag-jean-lu/,5,https://konamoda.pe/wp-content/uploads/2022/12/PAPER-BAG-JEAN-LU.webp | https://konamoda.pe/wp-content/uploads/2022/12/PAPER-BAG-JEAN-LU-3.webp | https://konamoda.pe/wp-content/uploads/2022/12/PAPER-BAG-JEAN-LU-2.webp | https://konamoda.pe/wp-content/uploads/2022/12/PAPER-BAG-JEAN-LU-1.webp | https://konamoda.pe/wp-content/uploads/2022/12/PAPER-BAG-JEAN-TALLAS.webp
10141,Flare Jean Ari Azul,,variable,"Full Denim, Pantalones",155.00,155.00,155.00,False,"30, 32, 34, 36, 38, 40",6,"-Tela denim 95% algodón y 5% spandex
-Bota acampanada
-Pretina cómoda con un botón
-Diseño versátil y casual",https://konamoda.pe/product/jean-flare-ari-azul/,4,https://konamoda.pe/wp-content/uploads/2022/10/FLARE-JEAN-ARI-AZUL.webp | https://konamoda.pe/wp-content/uploads/2022/10/FLARE-JEAN-ARI-AZUL-2.webp | https://konamoda.pe/wp-content/uploads/2022/10/FLARE-JEAN-ARI-AZUL-1.webp | https://konamoda.pe/wp-content/uploads/2022/10/FLARE-JEAN-ARI-TALLAS.webp
10153,Flare Jean Ari negro,,variable,"Full Denim, Pantalones",155.00,155.00,155.00,False,"30, 32, 34, 36, 38, 40",6,"-Tela denim 95% algodón y 5% spandex
-Bota acampanada
-Pretina cómoda con un botón
-Diseño versátil y casual",https://konamoda.pe/product/jean-flare-ari-negro/,3,https://konamoda.pe/wp-content/uploads/2022/10/FLARE-JEAN-ARI-NEGRO.webp | https://konamoda.pe/wp-content/uploads/2022/10/FLARE-JEAN-ARI-NEGRO-1.webp | https://konamoda.pe/wp-content/uploads/2022/10/FLARE-JEAN-ARI-TALLAS.webp
10054,Básico Feel Calm Beige,,variable,Basicos,79.00,79.00,79.00,False,"L, M, S, XL",4,"-Tela viscosa nacional, suave y versátil
-Manga larga, con un detalle de ondas al final de la manga
-En el hombro tiene un detalle de bobos en tres tiempos.",https://konamoda.pe/product/basico-feel-beige/,3,https://konamoda.pe/wp-content/uploads/2022/07/BasicoFeelCalm.webp | https://konamoda.pe/wp-content/uploads/2022/07/BASICO-FEEL-CALM.webp | https://konamoda.pe/wp-content/uploads/2022/07/BASICO-FEEL-CALM-Tallas.webp
10059,Básico Feel Hope Verde,,variable,Basicos,79.00,79.00,79.00,False,"L, M, S, XL",4,"-Tela viscosa nacional, suave y versátil
-Manga larga, con un detalle de ondas al final de la manga
-En el hombro tiene un detalle de bobos en tres tiempos.",https://konamoda.pe/product/basico-feel-green/,4,https://konamoda.pe/wp-content/uploads/2022/07/BasicoFeelHope.webp | https://konamoda.pe/wp-content/uploads/2022/07/BASICO-FEEL-HOPE.webp | https://konamoda.pe/wp-content/uploads/2022/07/BASICO-FEEL-HOPE-2.webp | https://konamoda.pe/wp-content/uploads/2022/07/BASICO-FEEL-HOPE-tallas.webp
9959,Cárdigan Pia Plomo,,variable,Cardigans,85.00,85.00,85.00,False,"L, M, S, XL",4,"-Tela chompero waffle , textura suave y versátil
-Manga corta con pinzas en las hombros, puños y pretina, da un efecto bombacho
-Fit con tres botones, hasta la cintura baja",https://konamoda.pe/product/cardigan-pia-plomo/,4,https://konamoda.pe/wp-content/uploads/2022/03/CARDIGAN-PIA-PLOMO.webp | https://konamoda.pe/wp-content/uploads/2022/03/CARDIGAN-PIA-PLOMO-1.webp | https://konamoda.pe/wp-content/uploads/2022/03/CARDIGAN-PIA-PLOMO-2.webp | https://konamoda.pe/wp-content/uploads/2022/03/CARDIGAN-PIA-tallas.webp
9823,Chaleco Yess Acero,,variable,Chalecos,99.00,99.00,99.00,False,"L, M, S, XL",4,"-Tela rib stretch tejido con diseño
-Manga acero
-Fit largo con dos botones pequeños",https://konamoda.pe/product/chaleco-yess-acero/,5,https://konamoda.pe/wp-content/uploads/2021/12/CHALECO-YESS-ACERO.webp | https://konamoda.pe/wp-content/uploads/2021/12/CHALECO-YESS-ACERO-1.webp | https://konamoda.pe/wp-content/uploads/2021/12/CHALECO-YESS-ACERO-2.webp | https://konamoda.pe/wp-content/uploads/2021/12/CHALECO-YESS-ACERO-3.webp | https://konamoda.pe/wp-content/uploads/2021/12/CHALECO-YESS-TALLAS.webp
9828,Chaleco Yess Perla,,variable,Chalecos,99.00,99.00,99.00,False,"L, M, S, XL",4,"-Tela rib stretch tejido con diseño
-Manga acero
-Fit largo con dos botones pequeños",https://konamoda.pe/product/chaleco-yess/,5,https://konamoda.pe/wp-content/uploads/2021/12/CHALECO-YESS-PERLA.webp | https://konamoda.pe/wp-content/uploads/2021/12/CHALECO-YESS-PERLA-1.webp | https://konamoda.pe/wp-content/uploads/2021/12/CHALECO-YESS-PERLA-2.webp | https://konamoda.pe/wp-content/uploads/2021/12/CHALECO-YESS-PERLA-3.webp | https://konamoda.pe/wp-content/uploads/2021/12/CHALECO-YESS-TALLAS.webp
9793,Casaca Jean Love Azul,,variable,Full Denim,159.00,159.00,159.00,False,"L, M, S, XL, XXL",5,"-Tela denim 97% algodón y 3% spandex
-Mangas globo con pliegues en el puño
-Fit holgado en el cuerpo con entalle en la pretina",https://konamoda.pe/product/casaca-jean-love-azul/,4,https://konamoda.pe/wp-content/uploads/2021/12/CASACA-JEAN-LOVE-AZUL.webp | https://konamoda.pe/wp-content/uploads/2021/12/CASACA-JEAN-LOVE-AZUL-1.webp | https://konamoda.pe/wp-content/uploads/2021/12/CASACA-JEAN-LOVE-AZUL-2.webp | https://konamoda.pe/wp-content/uploads/2021/12/CASACA-LOVE-tallas.webp
9756,Casaca Jean Love Celeste,,variable,Full Denim,159.00,159.00,159.00,False,"L, M, S, XL, XXL",5,"-Tela denim 97% algodón y 3% spandex
-Mangas globo con pinzas en el puño
-Fit holgado en el cuerpo con entalle en la pretina",https://konamoda.pe/product/casaca-jean-love/,5,https://konamoda.pe/wp-content/uploads/2021/12/CASACA-JEAN-LOVE-CELESTE.webp | https://konamoda.pe/wp-content/uploads/2021/12/CASACA-JEAN-LOVE-CELESTE-1.webp | https://konamoda.pe/wp-content/uploads/2021/12/CASACA-JEAN-LOVE-CELESTE-3.webp | https://konamoda.pe/wp-content/uploads/2021/12/CASACA-JEAN-LOVE-CELESTE-4.webp | https://konamoda.pe/wp-content/uploads/2021/12/CASACA-LOVE-tallas.webp
9742,Slouchy Jean Cris Celeste,,variable,"Full Denim, Pantalones",149.00,149.00,149.00,False,"30, 32, 34, 36, 38, 40",6,"-Tela denim 97% algodón y 3% spandex
-Elástico en la parte de atrás en la cintura con un botón adelante
-Pliegue en ambos lados debajo de la pretina y en la parte del tobill
-Fit Baggy en las piernas",https://konamoda.pe/product/slouchy-jean-cris-2/,7,https://konamoda.pe/wp-content/uploads/2021/12/SLOUCHY-JEAN-CRIS-CELESTE.webp | https://konamoda.pe/wp-content/uploads/2021/12/SLOUCHY-JEAN-CRIS-CELESTE-1.webp | https://konamoda.pe/wp-content/uploads/2021/12/SLOUCHY-JEAN-CRIS-CELESTE-4.webp | https://konamoda.pe/wp-content/uploads/2021/12/SLOUCHY-JEAN-CRIS-CELESTE-5.webp | https://konamoda.pe/wp-content/uploads/2021/12/SLOUCHY-JEAN-CRIS-CELESTE-3.webp | https://konamoda.pe/wp-content/uploads/2021/12/SLOUCHY-JEAN-CRIS-CELESTE-2.webp | https://konamoda.pe/wp-content/uploads/2021/12/SLOUCHY-JEAN-CRIS-TALLAS.webp
9785,Slouchy Jean Cris Azul,,variable,"Full Denim, Pantalones",149.00,149.00,149.00,False,"30, 32, 34, 36, 38, 40",6,"-Tela denim 97% algodón y 3% spandex
-Elástico en la parte de atrás en la cintura con un botón adelante
-Pliegue en ambos lados debajo de la pretina y en la parte del tobillo
-Fit Baggy en las piernas",https://konamoda.pe/product/slouchy-jean-cris/,6,https://konamoda.pe/wp-content/uploads/2021/12/SLOUCHY-JEAN-CRIS-AZUL.webp | https://konamoda.pe/wp-content/uploads/2021/12/SLOUCHY-JEAN-CRIS-AZUL-1.webp | https://konamoda.pe/wp-content/uploads/2021/12/SLOUCHY-JEAN-CRIS-AZUL-2.webp | https://konamoda.pe/wp-content/uploads/2021/12/SLOUCHY-JEAN-CRIS-AZUL-3.webp | https://konamoda.pe/wp-content/uploads/2021/12/SLOUCHY-JEAN-CRIS-AZUL-4.webp | https://konamoda.pe/wp-content/uploads/2021/12/SLOUCHY-JEAN-CRIS-TALLAS.webp
9716,Básico Ketzy Beige,,variable,Basicos,79.00,79.00,79.00,False,"L, M, S, XL",4,"-Mix de telas (gasa y viscosa)
-Manga corta de gasa con pinzas y doble bobo
-Cuerpo de tela viscosa nacional
-Textura suave y fresca",https://konamoda.pe/product/basico-ketzy-beige/,2,https://konamoda.pe/wp-content/uploads/2021/11/BASICO-KETZY-BEIGE.webp | https://konamoda.pe/wp-content/uploads/2021/11/BASICO-KETZY-tallas.webp
9698,Básico Ketzy Rosa,,variable,Basicos,79.00,79.00,79.00,False,"L, M, S, XL",4,"-Mix de telas (gasa y viscosa)
-Manga corta de gasa con pinzas y doble bobo
-Cuerpo de tela viscosa nacional
-Textura suave y fresca",https://konamoda.pe/product/basico-ketzy-rosa/,3,https://konamoda.pe/wp-content/uploads/2021/11/BASICO-KETZY-ROSA.webp | https://konamoda.pe/wp-content/uploads/2021/11/BASICO-KETZY-ROSA-1.webp | https://konamoda.pe/wp-content/uploads/2021/11/BASICO-KETZY-tallas.webp
9631,Jogger Kia Beige,,variable,Joggers,79.00,79.00,79.00,False,"L, M, S, XL",4,"-Pantalones de french terry (95% algodón y 5% licra)
-Tela con reactivo (no destiñe)
-Textura suave y fresca
-Pretina cómoda, no ajusta",https://konamoda.pe/product/jogger-kia-beige/,4,https://konamoda.pe/wp-content/uploads/2021/10/JOGGER-KIA-BEIGE.webp | https://konamoda.pe/wp-content/uploads/2021/10/JOGGER-KIA-BEIGE-1.webp | https://konamoda.pe/wp-content/uploads/2021/10/JOGGER-KIA-BEIGE-COLORES.webp | https://konamoda.pe/wp-content/uploads/2021/10/JOGGER-KIA-TALLAS.webp
9623,Jogger Kia Lila,,variable,Joggers,79.00,79.00,79.00,False,"L, M, S, XL",4,"-Pantalones de french terry (95% algodón y 5% licra)
-Tela con reactivo (no destiñe)
-Textura suave y fresca
-Pretina cómoda, no ajusta",https://konamoda.pe/product/jogger-kia-lila/,4,https://konamoda.pe/wp-content/uploads/2021/10/JOGGER-KIA-LILA.webp | https://konamoda.pe/wp-content/uploads/2021/10/JOGGER-KIA-LILA-1.webp | https://konamoda.pe/wp-content/uploads/2021/10/JOGGER-KIA-LILA-2.webp | https://konamoda.pe/wp-content/uploads/2021/10/JOGGER-KIA-TALLAS-1.webp
9414,Paper bag Leti Golden B.,,variable,"Full Denim, Pantalones",129.00,129.00,129.00,False,"30, 32, 34, 36, 38, 40",6,"-Tela denim 97% algodón y 3% spandex
-Elástico en todo el contorno de la cintura, con dos botones
-Tiene un cinturón de la misma tela
-Diseño cómodo, para toda ocasión",https://konamoda.pe/product/paper-bag-leti-golden-beige/,4,https://konamoda.pe/wp-content/uploads/2021/05/PAPER-BAG-LETI-GOLDEN-B_png.webp | https://konamoda.pe/wp-content/uploads/2021/05/PAPER-BAG-LETI-GOLDEN-B.webp | https://konamoda.pe/wp-content/uploads/2021/05/PAPER-BAG-LETI-GOLDEN-B.-3.webp | https://konamoda.pe/wp-content/uploads/2021/05/PAPER-BAG-LETI-TALLAS.webp
9415,Paper bag Leti Negro,,variable,"Full Denim, Pantalones",129.00,129.00,129.00,False,"30, 32, 34, 36, 38, 40",6,"-Tela denim 97% algodón y 3% spandex
-Elástico en todo el contorno de la cintura, con dos botones
-Tiene un cinturón de la misma tela
-Diseño cómodo, para toda ocasión",https://konamoda.pe/product/paper-bag-leti-negro/,4,https://konamoda.pe/wp-content/uploads/2021/05/PAPER-BAG-LETI-NEGRO.webp | https://konamoda.pe/wp-content/uploads/2021/05/PAPER-BAG-LETI-NEGRO-2.webp | https://konamoda.pe/wp-content/uploads/2021/05/PAPER-BAG-LETI-NEGRO-1.webp | https://konamoda.pe/wp-content/uploads/2021/05/PAPER-BAG-LETI-TALLAS.webp
9272,Set Lau Rosa,,variable,Set - Conjuntos,139.00,139.00,139.00,False,"L, M, S, XL",1,"-Tela algodón rib
-Estilo holgado, textura suave
-Polo con las mangas a la altura del codo con un detalle de ondas al final de la manga
-Pantalón palazzo con el detalle de ondas en la parte final de la bota
-Pretina ancha",https://konamoda.pe/product/set-lau/,6,https://konamoda.pe/wp-content/uploads/2021/04/SET-LAU-ROSA.webp | https://konamoda.pe/wp-content/uploads/2021/04/SET-LAU-ROSA-1.webp | https://konamoda.pe/wp-content/uploads/2021/04/SET-LAU-ROSA-2.webp | https://konamoda.pe/wp-content/uploads/2021/04/SET-LAU-ROSA-3.webp | https://konamoda.pe/wp-content/uploads/2021/04/SET-LAU-TOP-TALLAS.webp | https://konamoda.pe/wp-content/uploads/2021/04/SET-LAU-PANTALON-TALLAS.webp
8683,Chompa Ani Turquesa,,variable,Chompas,79.00,79.00,79.00,False,"M, S",2,"-Chompa tejida de hilo de algodón
-Cuello alto holgado, super cómodo",https://konamoda.pe/product/chompa-ani-turquesa/,1,https://konamoda.pe/wp-content/uploads/2020/12/CHOMPA-ANI-TURQUESA.webp
8676,Chompa Ani Negro,,variable,Chompas,79.00,79.00,79.00,False,"L, M",2,"-Chompa tejida de hilo de algodón
-Cuello alto holgado, super cómodo",https://konamoda.pe/product/chompa-ani-negro/,1,https://konamoda.pe/wp-content/uploads/2020/12/CHOMPA-ANI-NEGRO.webp
8665,Cafarenas Edy Perla,,variable,Cafarenas,59.00,59.00,59.00,False,"L, M, S, XL",1,"-Cafarena de cuello bajo
-Tela rib ligera y de textura suave
-Detalles encarrujado en las mangas",https://konamoda.pe/product/cafarenas-edy-perla/,2,https://konamoda.pe/wp-content/uploads/2020/12/CAFARENAS-EDY-PERLA.webp | https://konamoda.pe/wp-content/uploads/2020/12/CAFARENAS-EDY-PERLA.jpg
8660,Cafarena Jess Ocre,,variable,Cafarenas,59.00,59.00,59.00,False,"L, M, S, XL",4,"-Cafarena con cuello alto
-Tela rib ligera y de textura suave
-Disponible en color ocre",https://konamoda.pe/product/cafarenas-edy-ocre/,2,https://konamoda.pe/wp-content/uploads/2020/12/CAFARENA-JESS.webp | https://konamoda.pe/wp-content/uploads/2020/12/CAFARENA-JESS-1.webp
8651,Blusa de Gasa Palo Rosa,,variable,"Basicos, Blusas",69.00,69.00,69.00,False,"L, M, S, XL",4,"-Blusa de gasa importada
-Súper suave, estilizada y elegante.
-Perfecta para un día de oficina o una reunión.
-Disponible en Tie dye, palo rosa y negro",https://konamoda.pe/product/blusa-de-gasa-palo-rosa/,2,https://konamoda.pe/wp-content/uploads/2020/12/BLUSA-DE-GASA-PALO-ROSA.webp | https://konamoda.pe/wp-content/uploads/2020/12/BLUSA-DE-GASA-PALO-ROSA-1.webp
8515,Pantalon Dril Yuri,,variable,Pantalones,109.00,109.00,109.00,False,"28, 30, 32, 34",8,"-Tela dril stretch de alta calidad.
-Composición 96% algodón y 4% spandex
-Corte semicintura y entalle alto.
-Pretina ancha con elástico firme y suave
-Los Yuri Pants son la comodidad hecha pantalón. Diseñado cuidadosamente para brindar el ajuste perfecto con la mayor comodidad posible.",https://konamoda.pe/product/pantalon-dril-yuri/,3,https://konamoda.pe/wp-content/uploads/2020/12/PANTALON-DRIL-YURI.webp | https://konamoda.pe/wp-content/uploads/2020/12/PANTALON-DRIL-YURI-NEGRO.webp | https://konamoda.pe/wp-content/uploads/2020/12/PANTALON-DRIL-YURI-AZUL.webp
8508,Pantalon Dril Luna Rojo Sandia,,variable,Pantalones,109.00,109.00,109.00,False,"30, 32, 34",9,"-Tela dril stretch de alta calidad.
-Composición 96% algodón y 4% spandex
-Corte semicintura y entalle alto
-En la bota pie tiene un dobles la tela con un detalle de pedrería en forma de flor.",https://konamoda.pe/product/pantalon-dril-luna/,1,https://konamoda.pe/wp-content/uploads/2020/12/PANTALON-DRIL-LUNA.webp
8501,Pantalon Dril Sami,,variable,Pantalones,109.00,109.00,109.00,False,"28, 30, 32, 34",12,"-Tela dril stretch de alta calidad.
-Composición 96% algodón y 4% spandex
-Corte semicintura y entalle alto
-Pretina ancha con tres botones dorados especiales que le dan un toque de elegancia al pantalón",https://konamoda.pe/product/pantalon-dril-sami/,3,https://konamoda.pe/wp-content/uploads/2020/12/PANTALON-DRIL-SAMI.webp | https://konamoda.pe/wp-content/uploads/2020/12/PANTALON-DRIL-SAMI-BLANCO.webp | https://konamoda.pe/wp-content/uploads/2020/12/PANTALON-DRIL-SAMI-BEIGE.webp
8229,Pantalon Dril Killa,,variable,Pantalones,109.00,109.00,109.00,False,"30, 32, 34",9,"-Tela dril stretch de alta calidad.
-Composición 96% algodón y 4% spandex
-Corte semicintura y entalle alto.
-Pitillo clásico, pretina ancha con tres botones que actúa como fajín.",https://konamoda.pe/product/pantalon-dril-killa-2/,3,https://konamoda.pe/wp-content/uploads/2020/12/PANTALON-DRIL-KILLA.webp | https://konamoda.pe/wp-content/uploads/2020/12/PANTALON-DRIL-KILLA-NARANJA.webp | https://konamoda.pe/wp-content/uploads/2020/12/PANTALON-DRIL-KILLA-1.webp
8259,Blusas de Gasa Tie Dye,,variable,"Basicos, Blusas",69.00,69.00,69.00,False,"L, M, S, XL",4,"-Blusa de gasa importada
-Súper suave, estilizada y elegante.
-Perfecta para un día de oficina o una reunión.",https://konamoda.pe/product/blusas-de-gasa/,2,https://konamoda.pe/wp-content/uploads/2020/11/BLUSAS-DE-GASA-TIE-DYE.webp | https://konamoda.pe/wp-content/uploads/2020/11/BLUSAS-DE-GASA-TIE-DYE-1.webp
8231,Cafarenas Edy Palo Rosa,,variable,Cafarenas,59.00,59.00,59.00,False,"L, M, S, XL",1,"-Cafarena de cuello bajo
-Tela rib ligera y de textura suave
-Detalles de bobos encarrujados en las mangas",https://konamoda.pe/product/cafarenas-edy/,2,https://konamoda.pe/wp-content/uploads/2020/11/CAFARENAS-EDY-PALO-ROSA.webp | https://konamoda.pe/wp-content/uploads/2020/11/CAFARENAS-EDY-PALO-ROSA-1.webp
